-- Auto-generated from bible-quiz.js (grouped for readability)
INSERT INTO quiz_stage (id, stage_number, title)
VALUES (1, 1, NULL),
       (2, 2, NULL),
       (3, 3, NULL),
       (4, 4, NULL),
       (5, 5, NULL),
       (6, 6, NULL),
       (7, 7, NULL),
       (8, 8, NULL),
       (9, 9, NULL),
       (10, 10, NULL);

------------------------------- Stage 1 -------------------------------
-- Q1
INSERT INTO quiz_question (id, stage_id, question_text, answer_index, difficulty)
VALUES (1, 1, '하나님께서 빛을 만드신 날은 창조 몇째 날일까요?', 0, NULL);
INSERT INTO quiz_option (question_id, option_text, option_index)
VALUES (1, '첫째 날', 0),
       (1, '둘째 날', 1),
       (1, '셋째 날', 2),
       (1, '넷째 날', 3);

-- Q2
INSERT INTO quiz_question (id, stage_id, question_text, answer_index, difficulty)
VALUES (2, 1, '아담과 하와가 있었던 동산의 이름은 무엇인가요?', 0, NULL);
INSERT INTO quiz_option (question_id, option_text, option_index)
VALUES (2, '에덴 동산', 0),
       (2, '올리브 동산', 1),
       (2, '겟세마네', 2),
       (2, '갈멜 산', 3);

-- Q3
INSERT INTO quiz_question (id, stage_id, question_text, answer_index, difficulty)
VALUES (3, 1, '노아가 방주를 지을 때 사용한 나무는 무엇일까요?', 1, NULL);
INSERT INTO quiz_option (question_id, option_text, option_index)
VALUES (3, '감람나무', 0),
       (3, '고페르나무', 1),
       (3, '백향목', 2),
       (3, '돌베개', 3);

-- Q4
INSERT INTO quiz_question (id, stage_id, question_text, answer_index, difficulty)
VALUES (4, 1, '바벨탑 사건 이후에 생긴 일은 무엇인가요?', 0, NULL);
INSERT INTO quiz_option (question_id, option_text, option_index)
VALUES (4, '언어가 혼잡해졌다', 0),
       (4, '홍해가 갈라졌다', 1),
       (4, '모세가 태어났다', 2),
       (4, '약속의 땅에 들어갔다', 3);

-- Q5
INSERT INTO quiz_question (id, stage_id, question_text, answer_index, difficulty)
VALUES (5, 1, '하나님께서 아브라함을 부르신 곳은 어디인가요?', 0, NULL);
INSERT INTO quiz_option (question_id, option_text, option_index)
VALUES (5, '갈대아 우르', 0),
       (5, '애굽', 1),
       (5, '가나안', 2),
       (5, '베들레헴', 3);

------------------------------- Stage 2 -------------------------------
-- Q6
INSERT INTO quiz_question (id, stage_id, question_text, answer_index, difficulty)
VALUES (6, 2, '하나님께서 아브라함에게 주신 약속의 표는 무엇인가요?', 0, NULL);
INSERT INTO quiz_option (question_id, option_text, option_index)
VALUES (6, '할례', 0),
       (6, '무지개', 1),
       (6, '십계명', 2),
       (6, '만나', 3);

-- Q7
INSERT INTO quiz_question (id, stage_id, question_text, answer_index, difficulty)
VALUES (7, 2, '이삭의 아내가 된 사람은 누구인가요?', 0, NULL);
INSERT INTO quiz_option (question_id, option_text, option_index)
VALUES (7, '리브가', 0),
       (7, '라헬', 1),
       (7, '레아', 2),
       (7, '사라', 3);

-- Q8
INSERT INTO quiz_question (id, stage_id, question_text, answer_index, difficulty)
VALUES (8, 2, '야곱의 이름이 바뀐 후의 새 이름은 무엇인가요?', 0, NULL);
INSERT INTO quiz_option (question_id, option_text, option_index)
VALUES (8, '이스라엘', 0),
       (8, '요셉', 1),
       (8, '여호수아', 2),
       (8, '요나', 3);

-- Q9
INSERT INTO quiz_question (id, stage_id, question_text, answer_index, difficulty)
VALUES (9, 2, '요셉이 형들에게 미움을 받은 이유 중 하나는 무엇인가요?', 0, NULL);
INSERT INTO quiz_option (question_id, option_text, option_index)
VALUES (9, '채색 옷을 입어서', 0),
       (9, '왕이 되어서', 1),
       (9, '광야에 가서', 2),
       (9, '제사를 드려서', 3);

-- Q10
INSERT INTO quiz_question (id, stage_id, question_text, answer_index, difficulty)
VALUES (10, 2, '요셉이 애굽에서 맡았던 높은 직책은 무엇인가요?', 0, NULL);
INSERT INTO quiz_option (question_id, option_text, option_index)
VALUES (10, '총리', 0),
       (10, '제사장', 1),
       (10, '장군', 2),
       (10, '판관', 3);

------------------------------- Stage 3 -------------------------------
-- Q11
INSERT INTO quiz_question (id, stage_id, question_text, answer_index, difficulty)
VALUES (11, 3, '모세가 하나님을 만난 곳에서 본 것은 무엇인가요?', 0, NULL);
INSERT INTO quiz_option (question_id, option_text, option_index)
VALUES (11, '떨기나무 불꽃', 0),
       (11, '무지개', 1),
       (11, '홍해', 2),
       (11, '불기둥', 3);

-- Q12
INSERT INTO quiz_question (id, stage_id, question_text, answer_index, difficulty)
VALUES (12, 3, '애굽에 내린 열 가지 재앙 중 첫 번째는 무엇인가요?', 0, NULL);
INSERT INTO quiz_option (question_id, option_text, option_index)
VALUES (12, '물이 피로 변함', 0),
       (12, '우박', 1),
       (12, '메뚜기', 2),
       (12, '흑암', 3);

-- Q13
INSERT INTO quiz_question (id, stage_id, question_text, answer_index, difficulty)
VALUES (13, 3, '이스라엘 백성이 홍해를 건널 때 어떻게 되었나요?', 0, NULL);
INSERT INTO quiz_option (question_id, option_text, option_index)
VALUES (13, '바다가 갈라졌다', 0),
       (13, '배를 타고 건넜다', 1),
       (13, '다리가 놓였다', 2),
       (13, '산길로 돌아갔다', 3);

-- Q14
INSERT INTO quiz_question (id, stage_id, question_text, answer_index, difficulty)
VALUES (14, 3, '십계명이 주어진 산은 어디인가요?', 0, NULL);
INSERT INTO quiz_option (question_id, option_text, option_index)
VALUES (14, '시내 산', 0),
       (14, '갈멜 산', 1),
       (14, '올리브 산', 2),
       (14, '헤르몬 산', 3);

-- Q15
INSERT INTO quiz_question (id, stage_id, question_text, answer_index, difficulty)
VALUES (15, 3, '광야에서 이스라엘 백성이 먹었던 양식은 무엇인가요?', 0, NULL);
INSERT INTO quiz_option (question_id, option_text, option_index)
VALUES (15, '만나', 0),
       (15, '포도', 1),
       (15, '빵', 2),
       (15, '생선', 3);

------------------------------- Stage 4 -------------------------------
-- Q16
INSERT INTO quiz_question (id, stage_id, question_text, answer_index, difficulty)
VALUES (16, 4, '여호수아가 이끈 가나안 정복의 첫 성은 어디인가요?', 0, NULL);
INSERT INTO quiz_option (question_id, option_text, option_index)
VALUES (16, '여리고', 0),
       (16, '아이', 1),
       (16, '기브온', 2),
       (16, '헤브론', 3);

-- Q17
INSERT INTO quiz_question (id, stage_id, question_text, answer_index, difficulty)
VALUES (17, 4, '여리고 성이 무너진 방법은 무엇인가요?', 0, NULL);
INSERT INTO quiz_option (question_id, option_text, option_index)
VALUES (17, '나팔을 불고 함성을 질렀다', 0),
       (17, '성문을 불태웠다', 1),
       (17, '비가 내려 무너졌다', 2),
       (17, '바벨탑처럼 붕괴됐다', 3);

-- Q18
INSERT INTO quiz_question (id, stage_id, question_text, answer_index, difficulty)
VALUES (18, 4, '사사 시대에 이스라엘을 이끈 여성 지도자는 누구인가요?', 0, NULL);
INSERT INTO quiz_option (question_id, option_text, option_index)
VALUES (18, '드보라', 0),
       (18, '에스더', 1),
       (18, '리브가', 2),
       (18, '라헬', 3);

-- Q19
INSERT INTO quiz_question (id, stage_id, question_text, answer_index, difficulty)
VALUES (19, 4, '기드온이 전쟁에 함께한 병사의 수는 얼마로 줄었나요?', 0, NULL);
INSERT INTO quiz_option (question_id, option_text, option_index)
VALUES (19, '300명', 0),
       (19, '500명', 1),
       (19, '700명', 2),
       (19, '1000명', 3);

-- Q20
INSERT INTO quiz_question (id, stage_id, question_text, answer_index, difficulty)
VALUES (20, 4, '삼손의 힘이 약해진 이유는 무엇인가요?', 0, NULL);
INSERT INTO quiz_option (question_id, option_text, option_index)
VALUES (20, '머리카락이 잘려서', 0),
       (20, '무기를 잃어서', 1),
       (20, '갑옷을 벗어서', 2),
       (20, '물을 마시지 못해서', 3);

------------------------------- Stage 5 -------------------------------
-- Q21
INSERT INTO quiz_question (id, stage_id, question_text, answer_index, difficulty)
VALUES (21, 5, '이스라엘의 첫 번째 왕은 누구인가요?', 0, NULL);
INSERT INTO quiz_option (question_id, option_text, option_index)
VALUES (21, '사울', 0),
       (21, '다윗', 1),
       (21, '솔로몬', 2),
       (21, '사무엘', 3);

-- Q22
INSERT INTO quiz_question (id, stage_id, question_text, answer_index, difficulty)
VALUES (22, 5, '다윗이 골리앗을 쓰러뜨릴 때 사용한 무기는 무엇인가요?', 2, NULL);
INSERT INTO quiz_option (question_id, option_text, option_index)
VALUES (22, '창', 0),
       (22, '활', 1),
       (22, '물매', 2),
       (22, '돌칼', 3);

-- Q23
INSERT INTO quiz_question (id, stage_id, question_text, answer_index, difficulty)
VALUES (23, 5, '다윗이 왕이 된 후에 세운 수도는 어디인가요?', 0, NULL);
INSERT INTO quiz_option (question_id, option_text, option_index)
VALUES (23, '예루살렘', 0),
       (23, '베들레헴', 1),
       (23, '헤브론', 2),
       (23, '사마리아', 3);

-- Q24
INSERT INTO quiz_question (id, stage_id, question_text, answer_index, difficulty)
VALUES (24, 5, '솔로몬이 하나님께 구한 것은 무엇인가요?', 0, NULL);
INSERT INTO quiz_option (question_id, option_text, option_index)
VALUES (24, '지혜', 0),
       (24, '재물', 1),
       (24, '장수', 2),
       (24, '전쟁의 승리', 3);

-- Q25
INSERT INTO quiz_question (id, stage_id, question_text, answer_index, difficulty)
VALUES (25, 5, '솔로몬이 건축한 대표적인 건물은 무엇인가요?', 0, NULL);
INSERT INTO quiz_option (question_id, option_text, option_index)
VALUES (25, '성전', 0),
       (25, '성벽', 1),
       (25, '궁전', 2),
       (25, '회당', 3);

------------------------------- Stage 6 -------------------------------
-- Q26
INSERT INTO quiz_question (id, stage_id, question_text, answer_index, difficulty)
VALUES (26, 6, '솔로몬 이후에 나라가 둘로 나뉘게 된 이유는 무엇인가요?', 0, NULL);
INSERT INTO quiz_option (question_id, option_text, option_index)
VALUES (26, '왕의 불순종과 우상숭배', 0),
       (26, '외적의 침입', 1),
       (26, '대기근', 2),
       (26, '전염병', 3);

-- Q27
INSERT INTO quiz_question (id, stage_id, question_text, answer_index, difficulty)
VALUES (27, 6, '북이스라엘의 첫 왕은 누구인가요?', 0, NULL);
INSERT INTO quiz_option (question_id, option_text, option_index)
VALUES (27, '여로보암', 0),
       (27, '르호보암', 1),
       (27, '아합', 2),
       (27, '히스기야', 3);

-- Q28
INSERT INTO quiz_question (id, stage_id, question_text, answer_index, difficulty)
VALUES (28, 6, '엘리야가 갈멜 산에서 맞섰던 선지자들은 누구인가요?', 0, NULL);
INSERT INTO quiz_option (question_id, option_text, option_index)
VALUES (28, '바알 선지자', 0),
       (28, '사독 선지자', 1),
       (28, '나단 선지자', 2),
       (28, '엘리사 선지자', 3);

-- Q29
INSERT INTO quiz_question (id, stage_id, question_text, answer_index, difficulty)
VALUES (29, 6, '엘리사가 받았던 엘리야의 영감은 몇 배였나요?', 0, NULL);
INSERT INTO quiz_option (question_id, option_text, option_index)
VALUES (29, '두 배', 0),
       (29, '세 배', 1),
       (29, '한 배', 2),
       (29, '네 배', 3);

-- Q30
INSERT INTO quiz_question (id, stage_id, question_text, answer_index, difficulty)
VALUES (30, 6, '요나가 전한 회개의 메시지를 들은 도시는 어디인가요?', 0, NULL);
INSERT INTO quiz_option (question_id, option_text, option_index)
VALUES (30, '니느웨', 0),
       (30, '베들레헴', 1),
       (30, '가버나움', 2),
       (30, '두로', 3);

------------------------------- Stage 7 -------------------------------
-- Q31
INSERT INTO quiz_question (id, stage_id, question_text, answer_index, difficulty)
VALUES (31, 7, '다니엘이 사자 굴에 던져진 이유는 무엇인가요?', 0, NULL);
INSERT INTO quiz_option (question_id, option_text, option_index)
VALUES (31, '하나님께 기도해서', 0),
       (31, '전쟁에서 패해서', 1),
       (31, '거짓말을 해서', 2),
       (31, '성전을 훼손해서', 3);

-- Q32
INSERT INTO quiz_question (id, stage_id, question_text, answer_index, difficulty)
VALUES (32, 7, '에스더가 왕에게 나아갈 때 금식하자고 요청한 기간은 얼마인가요?', 0, NULL);
INSERT INTO quiz_option (question_id, option_text, option_index)
VALUES (32, '3일', 0),
       (32, '7일', 1),
       (32, '10일', 2),
       (32, '1일', 3);

-- Q33
INSERT INTO quiz_question (id, stage_id, question_text, answer_index, difficulty)
VALUES (33, 7, '포로 귀환 후 성전을 재건하는 일을 이끈 인물은 누구인가요?', 0, NULL);
INSERT INTO quiz_option (question_id, option_text, option_index)
VALUES (33, '스룹바벨', 0),
       (33, '사무엘', 1),
       (33, '다윗', 2),
       (33, '요나단', 3);

-- Q34
INSERT INTO quiz_question (id, stage_id, question_text, answer_index, difficulty)
VALUES (34, 7, '느헤미야가 재건한 것은 무엇인가요?', 0, NULL);
INSERT INTO quiz_option (question_id, option_text, option_index)
VALUES (34, '예루살렘 성벽', 0),
       (34, '성전', 1),
       (34, '궁전', 2),
       (34, '홍해의 길', 3);

-- Q35
INSERT INTO quiz_question (id, stage_id, question_text, answer_index, difficulty)
VALUES (35, 7, '이스라엘 백성이 포로로 끌려갔던 제국은 어디인가요?', 0, NULL);
INSERT INTO quiz_option (question_id, option_text, option_index)
VALUES (35, '바벨론', 0),
       (35, '로마', 1),
       (35, '그리스', 2),
       (35, '애굽', 3);

------------------------------- Stage 8 -------------------------------
-- Q36
INSERT INTO quiz_question (id, stage_id, question_text, answer_index, difficulty)
VALUES (36, 8, '예수님이 태어나신 도시는 어디인가요?', 0, NULL);
INSERT INTO quiz_option (question_id, option_text, option_index)
VALUES (36, '베들레헴', 0),
       (36, '나사렛', 1),
       (36, '예루살렘', 2),
       (36, '가버나움', 3);

-- Q37
INSERT INTO quiz_question (id, stage_id, question_text, answer_index, difficulty)
VALUES (37, 8, '예수님께 세례를 준 사람은 누구인가요?', 0, NULL);
INSERT INTO quiz_option (question_id, option_text, option_index)
VALUES (37, '세례 요한', 0),
       (37, '베드로', 1),
       (37, '바울', 2),
       (37, '야고보', 3);

-- Q38
INSERT INTO quiz_question (id, stage_id, question_text, answer_index, difficulty)
VALUES (38, 8, '예수님이 가르치신 주기도문의 시작 구절은 무엇인가요?', 0, NULL);
INSERT INTO quiz_option (question_id, option_text, option_index)
VALUES (38, '하늘에 계신 우리 아버지여', 0),
       (38, '우리 아버지여', 1),
       (38, '주님, 들으소서', 2),
       (38, '하나님께 영광', 3);

-- Q39
INSERT INTO quiz_question (id, stage_id, question_text, answer_index, difficulty)
VALUES (39, 8, '선한 사마리아인의 비유가 강조하는 것은 무엇인가요?', 0, NULL);
INSERT INTO quiz_option (question_id, option_text, option_index)
VALUES (39, '이웃 사랑', 0),
       (39, '제사 규례', 1),
       (39, '성전 건축', 2),
       (39, '금식', 3);

-- Q40
INSERT INTO quiz_question (id, stage_id, question_text, answer_index, difficulty)
VALUES (40, 8, '예수님이 오병이어로 먹이신 사람 수는 약 몇 명인가요?', 0, NULL);
INSERT INTO quiz_option (question_id, option_text, option_index)
VALUES (40, '오천 명', 0),
       (40, '천 명', 1),
       (40, '삼천 명', 2),
       (40, '이천 명', 3);

------------------------------- Stage 9 -------------------------------
-- Q41
INSERT INTO quiz_question (id, stage_id, question_text, answer_index, difficulty)
VALUES (41, 9, '예수님이 최후의 만찬에서 나누신 것은 무엇인가요?', 0, NULL);
INSERT INTO quiz_option (question_id, option_text, option_index)
VALUES (41, '떡과 잔', 0),
       (41, '양고기', 1),
       (41, '물과 소금', 2),
       (41, '포도와 무화과', 3);

-- Q42
INSERT INTO quiz_question (id, stage_id, question_text, answer_index, difficulty)
VALUES (42, 9, '예수님이 십자가에 못 박히신 곳은 어디인가요?', 0, NULL);
INSERT INTO quiz_option (question_id, option_text, option_index)
VALUES (42, '골고다', 0),
       (42, '감람산', 1),
       (42, '갈릴리', 2),
       (42, '여리고', 3);

-- Q43
INSERT INTO quiz_question (id, stage_id, question_text, answer_index, difficulty)
VALUES (43, 9, '예수님의 부활은 며칠 만에 이루어졌나요?', 0, NULL);
INSERT INTO quiz_option (question_id, option_text, option_index)
VALUES (43, '셋째 날', 0),
       (43, '첫째 날', 1),
       (43, '일주일 후', 2),
       (43, '열흘 후', 3);

-- Q44
INSERT INTO quiz_question (id, stage_id, question_text, answer_index, difficulty)
VALUES (44, 9, '오순절에 임한 사건은 무엇인가요?', 0, NULL);
INSERT INTO quiz_option (question_id, option_text, option_index)
VALUES (44, '성령 강림', 0),
       (44, '성전 건축', 1),
       (44, '애굽 탈출', 2),
       (44, '요단강 건넘', 3);

-- Q45
INSERT INTO quiz_question (id, stage_id, question_text, answer_index, difficulty)
VALUES (45, 9, '베드로가 예수님을 부인한 횟수는 몇 번인가요?', 0, NULL);
INSERT INTO quiz_option (question_id, option_text, option_index)
VALUES (45, '세 번', 0),
       (45, '한 번', 1),
       (45, '두 번', 2),
       (45, '네 번', 3);

------------------------------- Stage 10 -------------------------------
-- Q46
INSERT INTO quiz_question (id, stage_id, question_text, answer_index, difficulty)
VALUES (46, 10, '사울이 바울로 변화되는 사건이 일어난 곳은 어디로 가는 길이었나요?', 0, NULL);
INSERT INTO quiz_option (question_id, option_text, option_index)
VALUES (46, '다메섹', 0),
       (46, '안디옥', 1),
       (46, '예루살렘', 2),
       (46, '로마', 3);

-- Q47
INSERT INTO quiz_question (id, stage_id, question_text, answer_index, difficulty)
VALUES (47, 10, '사도 바울이 환상(마게도냐 사람의 요청)을 보고 처음으로 유럽에 건너가 전도한 지역은 어디인가요?', 1, NULL);
INSERT INTO quiz_option (question_id, option_text, option_index)
VALUES (47, '소아시아', 0),
       (47, '마게도냐', 1),
       (47, '로마', 2),
       (47, '예루살렘', 3);

-- Q48
INSERT INTO quiz_question (id, stage_id, question_text, answer_index, difficulty)
VALUES (48, 10, '요한계시록을 기록한 곳으로 알려진 섬은 어디인가요?', 0, NULL);
INSERT INTO quiz_option (question_id, option_text, option_index)
VALUES (48, '밧모 섬', 0),
       (48, '몰타 섬', 1),
       (48, '구브로 섬', 2),
       (48, '크레타 섬', 3);

-- Q49
INSERT INTO quiz_question (id, stage_id, question_text, answer_index, difficulty)
VALUES (49, 10, '사도 바울이 쓴 편지 중 하나가 아닌 것은 무엇인가요?', 0, NULL);
INSERT INTO quiz_option (question_id, option_text, option_index)
VALUES (49, '마태복음', 0),
       (49, '로마서', 1),
       (49, '에베소서', 2),
       (49, '빌립보서', 3);

-- Q50
INSERT INTO quiz_question (id, stage_id, question_text, answer_index, difficulty)
VALUES (50, 10, '성령의 열매로 알려진 덕목은 무엇인가요?', 0, NULL);
INSERT INTO quiz_option (question_id, option_text, option_index)
VALUES (50, '사랑', 0),
       (50, '교만', 1),
       (50, '분노', 2),
       (50, '질투', 3);
